<?xml version="1.0" encoding="UTF-8" ?>
<!DOCTYPE mapper
 PUBLIC "-//mybatis.org//DTD Mapper 3.0//EN"
 "http://mybatis.org/dtd/mybatis-3-mapper.dtd">
<mapper namespace="joinMapper">

<!-- 문제 1-1번 -->
<resultMap type="empDTO" id="deptMap">
		<id column="empno" property="empno"/>
		<result column="ename" property="ename"/>
		<result column="deptno" property="deptno"/>
		
	<association property="dept" javaType="deptDTO">
		<id column="deptno" property="deptNo"/>
		<result column="dname" property="dname"/>
		<result column="loc" property="loc"/>
	</association>
</resultMap>

<!-- 문제 2-1 -->

<resultMap type="empDTO" id="gradeMap">
		<id column="empno" property="empno"/>
		<result column="ename" property="ename" />
		<result column="job" property="job" />
		<result column="sal" property="sal" />
		<result column="job" property="job" />

		<association property="salgrade" javaType="salgradeDTO">
			<result column="grade" property="grade" />
			<result column="losal" property="losal" />
			<result column="hisal" property="hisal" />
		</association>
	</resultMap>



	<select id="deptTest" resultMap="deptMap">
		 SELECT d.dname, d.loc, e.empno, e.ename
		 FROM emp e JOIN dept d ON e.deptno = d.deptno
	</select>
	
	<select id="gradeTest" resultMap="gradeMap">
	 SELECT e.empno, e.ename, e.job, e.sal, s.grade, s.losal, s.hisal
  FROM emp e JOIN salgrade s
  ON e.sal BETWEEN s.losal AND s.hisal
	</select>



</mapper>