<?xml version="1.0" encoding="UTF-8"?>
<beans xmlns="http://www.springframework.org/schema/beans"
	xmlns:xsi="http://www.w3.org/2001/XMLSchema-instance"
	xmlns:aop="http://www.springframework.org/schema/aop"
	xsi:schemaLocation="http://www.springframework.org/schema/beans http://www.springframework.org/schema/beans/spring-beans.xsd
		http://www.springframework.org/schema/aop http://www.springframework.org/schema/aop/spring-aop-4.3.xsd">


	<!-- 객체 생성 -->
	<bean class="kosta.exam.MessageServiceImpl" id="target" />
	<bean class="kosta.exam.TimerAdvice" id="advice" />
	<bean class="kosta.exam.UserService" id="target2"/>

	<!-- xml 기반의 aop 설정하기 -->
	
		<!-- 
		(1)   proxy-target-class="true"라고 하는 것은 
			proxy Server를 생성할 때 J2SE 기반으로 할 것인지 
		    CGLIB 기반으로 할 것인지를 설정하는 것이다. 기본은 false로 J2SE이다. J2SE는 자바의 oop 개념을 적용한 것으로 
		    interface를 구현했다면 반드시 interface를 통해서 타겟대상을 호출하도록 해야한다. 
		 
		(2)     expose-proxy="true"는 AopContext를 사용할 수 있도록 설정하는 것
		    
		    
		    -->
	<aop:config proxy-target-class="false" expose-proxy="true">
		<aop:aspect id="aspect" ref="advice">
		<!-- 관심사항 등록할꺼다 -->
			<aop:around method="around" pointcut="execution(* kosta.exam.*Service*.*ello(..))" />
			<!-- 리턴타입 패키지 클래스 . 처음글자몰라 뒤는ello (매개변수 0개 이상) -->
		</aop:aspect>
	</aop:config>




<!-- 	<aop:config proxy-target-class="true">
		<aop:aspect id="aspect" ref="advice">
			<aop:around method="around"
				pointcut="execution(* kosta.exam.MessageService*.*ello(..))" />
		</aop:aspect>

	</aop:config> -->

</beans>
