<?xml version="1.0" encoding="UTF-8"?>
<beans:beans xmlns="http://www.springframework.org/schema/mvc"
	xmlns:xsi="http://www.w3.org/2001/XMLSchema-instance"
	xmlns:beans="http://www.springframework.org/schema/beans"
	xmlns:context="http://www.springframework.org/schema/context"
	xmlns:p="http://www.springframework.org/schema/p"
	xmlns:aop="http://www.springframework.org/schema/aop"
	xmlns:tx="http://www.springframework.org/schema/tx"
	xsi:schemaLocation="http://www.springframework.org/schema/mvc http://www.springframework.org/schema/mvc/spring-mvc.xsd
		http://www.springframework.org/schema/beans http://www.springframework.org/schema/beans/spring-beans.xsd
		http://www.springframework.org/schema/context http://www.springframework.org/schema/context/spring-context.xsd
		http://www.springframework.org/schema/aop http://www.springframework.org/schema/aop/spring-aop-4.3.xsd
		http://www.springframework.org/schema/tx http://www.springframework.org/schema/tx/spring-tx-4.3.xsd">

	


	<!-- <beans:bean id="dataSource" class="org.apache.commons.dbcp.BasicDataSource" 
		p:driverClassName="oracle.jdbc.OracleDriver" p:url="jdbc:oracle:thin:@127.0.0.1:1521:xe" 
		p:username="scott" p:password="tiger" p:maxActive="10"/> -->


	<!-- 외부설정문서(properties파일) 가져오기 -->
	<beans:bean
		class="org.springframework.beans.factory.config.PropertyPlaceholderConfigurer">
		<beans:property name="locations"><!-- setLocations()호출 -->
			<beans:value>/WEB-INF/spring/appServlet/dbInfo.properties</beans:value>
		</beans:property>
	</beans:bean>

	<!-- oracle 연결!!!!! -->
	<beans:bean id="dataSource"
		class="org.apache.commons.dbcp.BasicDataSource"
		p:driverClassName="${driver}" p:url="${url}" p:username="${username}"
		p:password="${password}" p:maxActive="10" />




	<!-- <beans:bean id="sqlSessionFactory" class="org.mybatis.spring.SqlSessionFactoryBean" 
		p:dataSource-ref="dataSource" p:configLocation="classpath:kdb/spring/conf/SqlMapConfig.xml" 
		/> -->


	<beans:bean id="sqlSessionFactory"
		class="org.mybatis.spring.SqlSessionFactoryBean">
		<beans:property name="dataSource" ref="dataSource" />
		<beans:property name="mapperLocations" value="classpath:mapper/*Mapper.xml" /><!-- Mapper.xml 로끝나는 mapper모두 등록 -->
		<beans:property name="typeAliasesPackage"
			value="kosta.web.mvc.*.dto" /><!-- dto폴더안에있는 클래스들 별칭 자동만듦 - 클래스명의 첫글만 소문자!! -->
	   <beans:property name="configLocation" value="classpath:config/SqlMapConfig.xml"/> 
	</beans:bean>
	
	
	<!-- <beans:bean id="userMapper" class="org.mybatis.spring.mapper.MapperFactoryBean">
		<beans:property name="mapperInterface" value="kosta.web.mvc.user.repository.UserMapper" />
		<beans:property name="sqlSessionFactory" ref="sqlSessionFactory" />
	</beans:bean> -->
	
	
	<beans:bean id="sqlSession"
		class="org.mybatis.spring.SqlSessionTemplate">
		<beans:constructor-arg ref="sqlSessionFactory" />
	</beans:bean>
	
	<beans:bean id="transactionManager" class="org.springframework.jdbc.datasource.DataSourceTransactionManager">
  		<beans:constructor-arg ref="dataSource" />
	</beans:bean>
	
	<!-- <tx:advice transaction-manager="transactionManager" id="txAdvice">
		<tx:attributes>
			<tx:method name="*"/>
		</tx:attributes>
	</tx:advice>
		
	<aop:config>
		<aop:advisor advice-ref="txAdvice" 
			pointcut="execution(public * kosta.mvc.service.*ServiceImpl.*(..))"/>
	</aop:config> -->
	
	<tx:annotation-driven transaction-manager="transactionManager"/>
	
</beans:beans>