<?xml version="1.0" encoding="UTF-8"?>
<beans xmlns="http://www.springframework.org/schema/beans"
	xmlns:xsi="http://www.w3.org/2001/XMLSchema-instance"
	xmlns:context="http://www.springframework.org/schema/context"
	xmlns:mvc="http://www.springframework.org/schema/mvc"
	xmlns:tx="http://www.springframework.org/schema/tx"
	xmlns:aop="http://www.springframework.org/schema/aop"
	xsi:schemaLocation="http://www.springframework.org/schema/mvc http://www.springframework.org/schema/mvc/spring-mvc.xsd
		http://www.springframework.org/schema/beans http://www.springframework.org/schema/beans/spring-beans.xsd
		http://www.springframework.org/schema/context http://www.springframework.org/schema/context/spring-context.xsd
		http://www.springframework.org/schema/aop http://www.springframework.org/schema/aop/spring-aop.xsd
		http://www.springframework.org/schema/tx http://www.springframework.org/schema/tx/spring-tx-4.2.xsd">


	<!-- <bean class="org.springframework.beans.factory.config.PropertyPlaceholderConfigurer"> 
		<property name="locations"> <value>/WEB-INF/spring/appServlet/dbInfo.properties</value> 
		</property> </bean> -->


	<context:property-placeholder
		location="classpath:config/jdbc.properties" />

	<context:component-scan
		base-package="com.kosta.spring.model" />


	<!-- DataSource 빈 등록 -->
	<bean id="dataSource"
		class="org.apache.commons.dbcp.BasicDataSource">
		<property name="driverClassName" value="${JDBC.Driver}" />
		<property name="url" value="${JDBC.ConnectionURL}" />
		<property name="username" value="${JDBC.Username}" />
		<property name="password" value="${JDBC.Password}" />
	</bean>

	<!-- MyBatis Framework 등록 -->
	<bean id="sqlSessionFactory"
		class="org.mybatis.spring.SqlSessionFactoryBean">
		<property name="configLocation"
			value="classpath:config/SqlMapConfig.xml" />
		<property name="dataSource" ref="dataSource" />
	</bean>

	<bean id="sqlSessionTemplate"
		class="org.mybatis.spring.SqlSessionTemplate">
		<constructor-arg ref="sqlSessionFactory" />
	</bean>

	<!-- PasswordEncoder를 빈으로 등록 -->
	<bean name="passwordEncoder"
		class="org.springframework.security.crypto.bcrypt.BCryptPasswordEncoder" />

	<!-- transation -->
	<bean id="transactionManager"
		class="org.springframework.jdbc.datasource.DataSourceTransactionManager">
		<property name="dataSource" ref="dataSource" />
	</bean>

	<tx:annotation-driven
		transaction-manager="transactionManager" proxy-target-class="true" />




</beans>









