<?xml version="1.0" encoding="UTF-8"?>
<beans:beans xmlns="http://www.springframework.org/schema/mvc"
	xmlns:xsi="http://www.w3.org/2001/XMLSchema-instance"
	xmlns:beans="http://www.springframework.org/schema/beans"
	xmlns:context="http://www.springframework.org/schema/context"
	xmlns:aop="http://www.springframework.org/schema/aop"
	xmlns:tx="http://www.springframework.org/schema/tx"
	xsi:schemaLocation="http://www.springframework.org/schema/mvc https://www.springframework.org/schema/mvc/spring-mvc.xsd
		http://www.springframework.org/schema/beans https://www.springframework.org/schema/beans/spring-beans.xsd
		http://www.springframework.org/schema/context https://www.springframework.org/schema/context/spring-context.xsd
		http://www.springframework.org/schema/aop http://www.springframework.org/schema/aop/spring-aop-4.3.xsd
		http://www.springframework.org/schema/tx http://www.springframework.org/schema/tx/spring-tx-4.3.xsd">

	<!-- DispatcherServlet Context: defines this servlet's request-processing infrastructure -->
	
	<!-- Enables the Spring MVC @Controller programming model -->
	<annotation-driven />

	<!-- Handles HTTP GET requests for /resources/** by efficiently serving up static resources in the ${webappRoot}/resources directory -->
	<resources mapping="/resources/**" location="/resources/" />

	<!-- Resolves views selected for rendering by @Controllers to .jsp resources in the /WEB-INF/views directory -->
	<beans:bean class="org.springframework.web.servlet.view.InternalResourceViewResolver">
		<beans:property name="prefix" value="/WEB-INF/views/" />
		<beans:property name="suffix" value=".jsp" />
		<beans:property name="order" value="2"/>
	</beans:bean>
	
	
		<!-- 타일즈 등록 하기 -->
	<beans:bean class="org.springframework.web.servlet.view.UrlBasedViewResolver">
	  <beans:property name="viewClass" value="org.springframework.web.servlet.view.tiles3.TilesView"/>
	  <beans:property name="order" value="1"/>
	</beans:bean>
	
	<beans:bean class="org.springframework.web.servlet.view.tiles3.TilesViewResolver" id="tilesViewResolver"/>
	<beans:bean class="org.springframework.web.servlet.view.tiles3.TilesConfigurer" id="tilesConfigurer">
	  <beans:property name="definitions">
	    <beans:list>
	      <beans:value>/WEB-INF/tiles/tiles.xml</beans:value>
	    </beans:list>
	  </beans:property>
	</beans:bean>
	
	<context:component-scan base-package="kosta.web.mvc" />
	
	<!-- 모든 ServletContext 영역에서 발생하는 예외에 대한 처리 -->
	<beans:bean class="org.springframework.web.servlet.handler.SimpleMappingExceptionResolver"> <!-- 이것을 등록하면 controller 안에서 하던 것은 안됨 -->
		<beans:property name="exceptionMappings"> <!-- beans:property는 set 설정하는 것 -->
			<beans:props>
				<beans:prop key="java.lang.Exception">
					error/errorMessage
				</beans:prop>
			</beans:props>
		</beans:property>

	</beans:bean>
	
	
	<!-- 세션유무체크 aop 설정  Annotation 방법-->
	<aop:aspectj-autoproxy/>
	
	
</beans:beans>
