<?xml version="1.0" encoding="UTF-8"?>
<beans xmlns="http://www.springframework.org/schema/beans"
	xmlns:xsi="http://www.w3.org/2001/XMLSchema-instance"
	xmlns:security="http://www.springframework.org/schema/security"
	xsi:schemaLocation="http://www.springframework.org/schema/beans http://www.springframework.org/schema/beans/spring-beans.xsd
		http://www.springframework.org/schema/security http://www.springframework.org/schema/security/spring-security-5.2.xsd">


	<!-- 클라이언트 요청을 가로챌 정보를 설정 
	auto-config="true" spring security의 기본 설정을 그대로 따라가겠다 
		use-expression="true" 는 spring의 SpEL을 사용함 -->
		

	<security:http auto-config="true" use-expressions="true">
		<security:intercept-url pattern="/user/login" access="hasRole('ROLE_USER')" />
		<security:intercept-url pattern="/member/**" access="isAuthenticated()" />
		<security:intercept-url pattern="/admin/**" access="hasRole('ROLE_ADMIN')" />
		<security:form-login
		login-page="/user/loginForm"
		username-parameter="id" 
		password-parameter="pwd"
		login-processing-url="/loginCheck"
		default-target-url="/"
		authentication-failure-forward-url="/user/loginForm?error"
		/>
		<!-- login-page="/user/loginForm"는 처음 인증되지 않았을 때 와야할 곳  -->
		<!-- password-parameter="pwd"의 loginForm에서 전송되는 name 값  -->
		<!-- default-target-url="/" 는 homeController의 "/"를 실행  -->
		<!-- authentication-failure-forward-url="/user/loginForm" 실패했을 때 가야 할 곳 -->
		
		
		<security:logout
		logout-url="/logout"
		invalidate-session="true"
		delete-cookies="JSESSIONID"
		logout-success-url="/"
		/>
	</security:http>

	<!-- spring security가 제공하는 in-memory 기능 설정 -->
	<security:authentication-manager>
		<security:authentication-provider>
			<security:user-service>
				<security:user name="user" password="{noop}1234" authorities="ROLE_USER" />
				<security:user name="admin" password="{noop}1234" authorities="ROLE_ADMIN,ROLE_USER" /> <!-- authorities는 권한을 부여하는 것  -->
			</security:user-service>
		</security:authentication-provider>
	</security:authentication-manager>


</beans>
