<?xml version="1.0" encoding="UTF-8"?>
<beans:beans xmlns="http://www.springframework.org/schema/mvc"
	xmlns:xsi="http://www.w3.org/2001/XMLSchema-instance"
	xmlns:beans="http://www.springframework.org/schema/beans"
	xmlns:context="http://www.springframework.org/schema/context"
	xmlns:p="http://www.springframework.org/schema/p"
	xsi:schemaLocation="http://www.springframework.org/schema/mvc http://www.springframework.org/schema/mvc/spring-mvc.xsd
		http://www.springframework.org/schema/beans http://www.springframework.org/schema/beans/spring-beans.xsd
		http://www.springframework.org/schema/context http://www.springframework.org/schema/context/spring-context.xsd">

		

 
<!-- 
<beans:bean	id="dataSource" 
            class="org.apache.commons.dbcp.BasicDataSource"
			p:driverClassName="oracle.jdbc.OracleDriver"
			p:url="jdbc:oracle:thin:@127.0.0.1:1521:xe"
			p:username="scott" p:password="tiger"  
			p:maxActive="10"/> -->
			
				
	
	 <!-- 외부설정문서(properties파일) 가져오기 -->
  <beans:bean class="org.springframework.beans.factory.config.PropertyPlaceholderConfigurer">
  <beans:property name="locations"><!-- setLocations()호출 -->
     <beans:value>/WEB-INF/spring/appServlet/dbInfo.properties</beans:value>
  </beans:property>
</beans:bean>

<!-- oracle 연결!!!!! -->
<beans:bean	id="dataSource" 
   class="org.apache.commons.dbcp.BasicDataSource"
				p:driverClassName="${driver}"
				p:url="${url}"
				p:username="${username}"
				 p:password="${password}"  
				 p:maxActive="10"/>
				
					
	
 	
<!-- <beans:bean id="sqlSessionFactory"
       class="org.mybatis.spring.SqlSessionFactoryBean"
		p:dataSource-ref="dataSource" 
		p:configLocation="classpath:kdb/spring/conf/SqlMapConfig.xml"
/>  -->

			
   <beans:bean id="sqlSessionFactory" 
   class="org.mybatis.spring.SqlSessionFactoryBean">
<!-- db연결 관련 -->	<beans:property name="dataSource" ref="dataSource" /> 
<!-- mapper 설정 -->	<beans:property name="mapperLocations" value="classpath:mapper/*Mapper.xml" /><!--  Mapper.xml 로끝나는 mapper모두 등록 -->
		<!-- src 바로 아래에 넣어야하는데(classess폴더 밑) 이것은 javaResource 밑 src/main/resources 이다 -->
<!-- dto alias 설정 -->		<beans:property name="typeAliasesPackage" value="kosta.mvc.model.dto" /><!-- dto폴더안에있는 클래스들 별칭 자동만듦 - 클래스명의 첫글만 소문자!! -->
<!-- src/main/resources 아래는 classes 밑이다 --> <beans:property name="configLocation" value="classpath:config/SqlMapConfig.xml"/>
	
	</beans:bean>
	
	<!-- 
	studentMapper를 어노테이션 기반으로 하기 위한 설정 
	kosta.mvc.model.repository.StudentMapper 에 있는 mapper	
	 -->
	<beans:bean id="userMapper" class="org.mybatis.spring.mapper.MapperFactoryBean">
	  <beans:property name="mapperInterface" value="kosta.mvc.model.repository.StudentMapper" />
	  <beans:property name="sqlSessionFactory" ref="sqlSessionFactory" />
	</beans:bean>
	 
  <beans:bean id="sqlSession"
     class="org.mybatis.spring.SqlSessionTemplate">
		<beans:constructor-arg index="0" ref="sqlSessionFactory"/> 
		<!-- 위에 있는 sqlSessionFactory를 여기에 주입하면서 session을 만듬 -->
		<!-- 이것은 곧 SqlSession이다. -->
		<!-- 기본생성자가 없어서 sqlSessionFactory를 넣어서 생성해줘야한다 -->
	</beans:bean>
	
	
</beans:beans>


