<?xml version="1.0" encoding="UTF-8"?>
<beans xmlns="http://www.springframework.org/schema/beans"
	xmlns:xsi="http://www.w3.org/2001/XMLSchema-instance"
	xmlns:aop="http://www.springframework.org/schema/aop"
	xmlns:context="http://www.springframework.org/schema/context"
	xmlns:mvc="http://www.springframework.org/schema/mvc"
	xsi:schemaLocation="http://www.springframework.org/schema/beans http://www.springframework.org/schema/beans/spring-beans.xsd
		http://www.springframework.org/schema/aop http://www.springframework.org/schema/aop/spring-aop.xsd
		http://www.springframework.org/schema/context http://www.springframework.org/schema/context/spring-context.xsd
		http://www.springframework.org/schema/mvc http://www.springframework.org/schema/mvc/spring-mvc.xsd">

<mvc:annotation-driven />

<bean id="viewResolver" 
class="org.springframework.web.servlet.view.InternalResourceViewResolver">
	<property name="prefix" value="/WEB-INF/views/"/>
	<property name="suffix" value=".jsp"/>
<!-- 	<property name="order" value="2"/> -->
</bean>

<!-- <bean id="beanNameViewResolver" class="org.springframework.web.servlet.view.BeanNameViewResolver">
	<property name="order" value="1"/>
</bean> -->

<!-- MappingJackson2JsonView로 수정되어져 추가 -->
<!-- <bean id="jsonMapper" class="com.fasterxml.jackson.databind.ObjectMapper" />
<bean id="jsonView" class="org.springframework.web.servlet.view.json.MappingJackson2JsonView">
<property name="objectMapper" ref="jsonMapper" />
</bean> -->


<context:component-scan base-package="com.kosta.spring.controller" />

</beans>










