<?xml version="1.0" encoding="UTF-8"?>
<!DOCTYPE mapper PUBLIC "-//mybatis.org//DTD Mapper 3.0//EN" "http://mybatis.org/dtd/mybatis-3-mapper.dtd">
<mapper namespace="memberMapper">
	<sql id="selectMember">
 		select id,password,name,address from security_member
 	</sql>
 	
 	<select id="getAddressList" resultType="string">
 		select distinct address from security_member
 	</select>
 	<select id="findMemberListByAddress" resultType="member">
 		select id,name from security_member
 		where address=#{value}
 	</select>
 	
 	<select id="login" resultType="member" parameterType="member">
 		<include refid="selectMember"></include>
 		where id=#{id} and password=#{password}
 	</select>
 	<select id="getMemberCount" resultType="int">
 		select count(*) from security_member
 	</select>
 	<update id="updateMember" parameterType="member">
		update security_member set password=#{password},name=#{name},address=#{address}
		where id=#{id}
	</update>
	<insert id="registerMember" parameterType="member">
		insert into security_member(id,password,name,address)
		values(#{id},#{password},#{name},#{address})
	</insert>
	<select id="idcheck" resultType="int">
		select count(*) from security_member where id=#{value}
	</select>
	
	<select id="findMemberById" resultType="member">
 		SELECT	id,	password,	name, address
		FROM	security_member
		WHERE 	id=#{value}				
 	</select>
</mapper>


















