<?xml version="1.0" encoding="UTF-8"?>
<!DOCTYPE configuration PUBLIC "-//mybatis.org//DTD Config 3.0//EN" "http://mybatis.org/dtd/mybatis-3-config.dtd">
<configuration>
	<!-- <settings>
		<setting name="jdbcTypeForNull" value="NULL"/>
	</settings> -->
	
	<typeAliases>
		<typeAlias type="com.kosta.spring.model.MemberVO" alias="member"/>
		<typeAlias type="com.kosta.spring.model.AuthorityVO" alias="authority"/>
	</typeAliases>
	
	<mappers>
		<mapper resource="sql/memberMapper.xml"/>
		<mapper resource="sql/authoritiesMapper.xml"/>
	</mappers>
</configuration>